id;last_name;first_name;email;phone;address
1;Jacobs;Earnest;"\^9RM@a-p=(.jWj|";"+4237392338993";world-class Adaptive
2;McKenzie;Monroe;"%cW(;F@otkO#Z.o9IKi";"+68";Internal
3;Boyle;Beatrice;"YD;wi@JYP..5-+H|";"+16861123574";Ergonomic Avon
4;Rolfson;Ines;"`@vW.Nz";"+7922308345327";Chair Division
5;Upton;Carolina;"6]@+NW|t.n8w=\";"+532";Electronics
6;Bartoletti;Turner;"+@E1;.:";"+293535";Reduced
7;Hettinger;Justen;"P}+.@r|B.srW}*";"+89905616961";Checking
8;Batz;Michael;"OxwOM@q=Z.k";"+8373344694694";silver
9;Maggio;Gaston;"nY@JW.n.x";"+9736";e-business Loan
10;Dietrich;Abner;"tli/~@b`e]F.h";"+427";payment Ergonomic FTP
